{
    "product_1": {
        "accuracy": 0.949999988079071,
        "auc": 0.9887999892234802,
        "confusion_matrix": [
            [
                149,
                1
            ],
            [
                9,
                41
            ]
        ]
    },
    "product_2": {
        "accuracy": 0.8999999761581421,
        "auc": 0.9847919940948486,
        "confusion_matrix": [
            [
                133,
                1
            ],
            [
                19,
                47
            ]
        ]
    },
    "product_3": {
        "accuracy": 0.9599999785423279,
        "auc": 0.9933887124061584,
        "confusion_matrix": [
            [
                138,
                3
            ],
            [
                5,
                54
            ]
        ]
    }
}