{
    "product_1": {
        "accuracy": 0.8799999952316284,
        "auc": 0.9609999656677246,
        "confusion_matrix": [
            [
                129,
                21
            ],
            [
                3,
                47
            ]
        ]
    },
    "product_2": {
        "accuracy": 0.9449999928474426,
        "auc": 0.9915761947631836,
        "confusion_matrix": [
            [
                132,
                2
            ],
            [
                9,
                57
            ]
        ]
    },
    "product_3": {
        "accuracy": 0.8550000190734863,
        "auc": 0.9538406133651733,
        "confusion_matrix": [
            [
                114,
                27
            ],
            [
                2,
                57
            ]
        ]
    }
}